Maria;368.464
Johanna;290.068
Anna;147.916
Cornelia;122.667
Elisabeth;119.141
Wilhelmina;106.938
Catharina;92.524
Hendrika;78.375
Adriana;75.620
Petronella;74.301
Margaretha;49.802
Jacoba;46.960
Yvonne;45.304
Helena;44.082
Geertruida;43.425
Monique;40.930
Antonia;34.823
Esther;34.339
Ingrid;34.065
Christina;33.409
Elizabeth;31.760
Linda;31.262
Theodora;30.811
Aaltje;29.781
Sandra;29.779
Anne;29.627
Grietje;28.147
Alida;28.073
Marianne;26.252
Laura;26.009
Kim;26.006
Sanne;25.600
Jantje;24.929
Trijntje;24.548
Jolanda;24.145
Karin;24.144
Jacqueline;23.064
Neeltje;23.044
Geertje;22.476
Iris;22.324
Janna;21.635
Astrid;21.570
Saskia;21.350
Bianca;21.103
Eva;20.871
Patricia;20.834
Antje;20.601
Chantal;20.343
Judith;20.077
Petra;20.037
Wendy;19.992
Maaike;19.679
Daniëlle;19.609
Lisa;19.380
Nicole;18.881
Francisca;18.564
Anouk;18.548
Willemina;18.530
Jannetje;18.512
Gerarda;18.457
Ellen;18.043
Sylvia;17.883
Anita;17.664
Joyce;17.379
Pieternella;17.302
Emma;17.044
Miranda;16.967
Femke;16.887
Martina;16.828
Marijke;16.621
Louise;16.567
Ilse;16.564
Suzanne;16.473
Marieke;16.452
Henrica;16.378
Simone;16.322
Josephina;16.235
Irene;16.077
Hendrikje;15.662
Lotte;15.628
Mirjam;15.488
Charlotte;15.325
Maartje;15.081
Inge;14.823
Julia;14.796
Gerritje;14.758
Carolina;14.685
Michelle;14.616
Agnes;14.550
Claudia;14.540
Marie;14.540
Theresia;14.160
Tessa;14.068
Barbara;14.025
Dirkje;13.813
Martha;13.806
Marjolein;13.785
Gerda;13.768
Hermina;13.702
Jessica;13.307
Sonja;13.055
Manon;13.033
Diana;12.946
Sophie;12.929
Berendina;12.759
Fleur;12.682
Amber;12.519
Nathalie;12.340
Caroline;12.266
Naomi;12.198
Eline;12.148
Sophia;12.084
Carla;12.006
Denise;11.999
Melissa;11.834
Tamara;11.798
Angela;11.697
Nienke;11.695
Monica;11.544
Mariska;11.498
Gertruda;11.490
Aleida;11.475
Daphne;11.279
Lieke;11.080
Vera;11.039
Henriëtte;10.975
Alexandra;10.874
Angelique;10.759
Sara;10.595
Romy;10.366
Merel;10.360
Janneke;10.257
Jeannette;10.155
Lena;10.145
Nina;10.091
Cindy;9.977
Mandy;9.977
Sharon;9.966
Dina;9.913
Paulina;9.830
Britt;9.780
Sabine;9.753
Kelly;9.723
Melanie;9.667
Maud;9.573
Marloes;9.541
Marion;9.528
Lucia;9.496
Annemarie;9.337
Ilona;9.257
Leonie;9.223
Nancy;9.144
Demi;9.055
Anneke;8.968
Sarah;8.956
Martine;8.878
Hendrina;8.792
Natasja;8.725
Willy;8.650
Magdalena;8.647
Lisanne;8.552
Renate;8.474
Eveline;8.459
Jennifer;8.432
Samantha;8.402
Kirsten;8.376
Everdina;8.327
Ida;8.325
Antoinette;8.293
Joanna;8.184
Anja;8.145
Annie;8.038
Irma;8.034
Paula;8.030
Marina;7.997
Stephanie;7.986
Brigitte;7.979
Susanne;7.968
Francina;7.918
Gerritdina;7.882
Marit;7.878
Frederika;7.852
Marleen;7.802
Hubertina;7.779
Fatima;7.766
Floor;7.670
Roos;7.623
Jantina;7.516
Jannigje;7.451
Isa;7.353
Evelien;7.340
Louisa;7.316
Renske;7.267
Rianne;7.221
Bertha;7.219
Elise;7.187
Brenda;7.187
Annemieke;7.178
Pauline;7.165
Susanna;7.028
Marjan;6.945
Noa;6.913
Regina;6.910
Agatha;6.899
Nikki;6.897
Carmen;6.835
Cynthia;6.830
Antonetta;6.792
Ingeborg;6.778
Marije;6.769
Annette;6.766
Lisette;6.748
Rosa;6.717
Janny;6.717
Geesje;6.694
Wilma;6.673
Silvia;6.648
Andrea;6.606
Clasina;6.546
Henriette;6.505
Margriet;6.452
Zoë;6.431
Henderika;6.428
Edith;6.425
Deborah;6.378
Gerdina;6.368
Teuntje;6.356
Jannie;6.336
Danique;6.265
Mariëlle;6.236
Christine;6.208
Engelina;6.202
Priscilla;6.178
Robin;6.153
Josephine;6.151
Jansje;6.134
Dorothea;6.125
Jasmijn;6.113
Amy;6.092
Myrthe;6.077
Rachel;5.981
Renée;5.946
Annigje;5.852
Klazina;5.832
Kimberley;5.809
Lydia;5.791
Suzanna;5.656
Miriam;5.651
Natascha;5.640
Esmee;5.581
Loes;5.579
Gezina;5.565
Susan;5.559
Alberdina;5.522
Fenna;5.493
Lynn;5.484
Yvette;5.459
Tanja;5.445
Anke;5.433
Milou;5.393
Clara;5.388
Marja;5.365
Jenny;5.356
Kimberly;5.334
Shirley;5.328
Olga;5.322
Alberta;5.309
José;5.247
Nelly;5.224
Tess;5.146
Hendrica;5.140
Aartje;5.126
Dominique;5.115
Sabrina;5.109
Nadia;5.100
Janke;5.098
Daisy;5.081
Alice;5.073
Rosalie;5.064
Mathilda;5.047
Annelies;5.034
Janine;5.017
Rebecca;4.901
Willempje;4.897
Bernardina;4.892
Bernadette;4.869
Jeanette;4.810
Margje;4.767
Lianne;4.737
Esmée;4.722
Aukje;4.713
Froukje;4.698
Cecilia;4.658
Elisa;4.632
Amanda;4.629
Carola;4.619
Hillegonda;4.616
Meike;4.614
Lara;4.600
Karen;4.590
Lilian;4.585
Anthonia;4.581
Grada;4.569
Jeltje;4.550
Nynke;4.540
Jill;4.520
Elly;4.470
Bo;4.441
Isabella;4.430
Maureen;4.423
Josepha;4.412
Nadine;4.391
Hester;4.379
Isabel;4.365
Isabelle;4.301
Veronica;4.298
Luna;4.296
Marian;4.279
Tjitske;4.271
Sterre;4.245
Harmina;4.222
Pietertje;4.215
Elsje;4.211
Gerardina;4.200
Sietske;4.199
Josina;4.191
Roelofje;4.171
Karlijn;4.144
Maatje;4.143
Fatma;4.130
Sjoukje;4.116
Larissa;4.107
Mieke;4.102
Bente;4.068
Stefanie;4.030
Klaasje;4.027
Jeanne;4.018
Jenneke;4.017
Hanneke;3.984
Wietske;3.980
Ivonne;3.944
Eleonora;3.940
Sofie;3.902
Pietje;3.900
Yolanda;3.884
Gesina;3.869
Hilde;3.844
Nicolette;3.824
Marlies;3.817
Margot;3.813
Allegonda;3.798
Joke;3.793
Katharina;3.777
Hannah;3.774
Aafke;3.760
Gertrudis;3.756
Erna;3.754
Ashley;3.726
Debby;3.724
Baukje;3.713
Jacomina;3.700
Nora;3.690
Veerle;3.686
Hanna;3.679
Danielle;3.675
Willemijntje;3.673
Mathilde;3.616
Hilda;3.612
Christel;3.594
Adriaantje;3.592
Martje;3.577
Mireille;3.564
Ruth;3.533
Hiltje;3.528
Kyra;3.521
Albertha;3.505
Indy;3.504
Tineke;3.487
Lamberta;3.479
Erica;3.474
Geertruda;3.436
Evertje;3.428
Mary;3.397
Liesbeth;3.385
Gerharda;3.383
Marjolijn;3.382
Carolien;3.369
Aagje;3.345
Carlijn;3.335
Rosanne;3.329
Julie;3.329
Imke;3.321
Angelina;3.287
Ineke;3.287
Désirée;3.286
Marjon;3.279
Debbie;3.278
Thi;3.275
Albertje;3.270
Gijsbertha;3.257
Jentje;3.253
Noortje;3.245
Debora;3.232
Vivian;3.213
Marrigje;3.202
Samira;3.186
Antoinetta;3.182
Thea;3.167
Lonneke;3.158
Vanessa;3.154
Rita;3.148
Willemijn;3.146
Gijsberta;3.141
Leentje;3.134
Minke;3.134
Heidi;3.125
Arnolda;3.118
Suzan;3.114
Evi;3.104
Noor;3.099
Peggy;3.099
Puck;3.087
Jitske;3.087
Esmeralda;3.058
Manuela;3.030
Kiki;3.028
Gerrigje;2.997
Senna;2.990
Ramona;2.976
Zwaantje;2.970
Annemiek;2.961
Mila;2.960
Trientje;2.948
Leonarda;2.938
Brigitta;2.913
Yara;2.898
Madelon;2.896
Reina;2.892
Beatrix;2.857
Henny;2.853
Heleen;2.843
Klasina;2.843
Mirthe;2.833
Ester;2.831
Kitty;2.828
Claire;2.824
Harmke;2.816
Angélique;2.793
Selma;2.792
Tara;2.786
Valerie;2.775
Juliana;2.773
Celine;2.769
Floortje;2.767
Lina;2.761
Joëlle;2.757
Pien;2.731
Silke;2.724
Ina;2.693
Sandy;2.686
Akke;2.683
Ay?e;2.679
Dewi;2.660
Kristel;2.647
Gemma;2.646
Desirée;2.636
Mina;2.630
Geeske;2.617
Loïs;2.614
Natalie;2.610
Maxime;2.599
Gabriëlle;2.584
Annechien;2.580
Emily;2.565
Quinty;2.554
Elvira;2.553
Aniek;2.544
Kayleigh;2.541
Kaylee;2.521
Soraya;2.520
Hatice;2.519
Jade;2.519
Aletta;2.518
Hilligje;2.518
Jeanine;2.506
Gerrie;2.500
Sam;2.499
Juliette;2.488
Helga;2.481
Ursula;2.477
Linde;2.476
Belinda;2.467
Anje;2.465
Rinske;2.464
Moniek;2.451
Arendina;2.437
Jozina;2.417
Dana;2.406
Elke;2.403
Paulien;2.397
Marcella;2.397
Jamie;2.382
Corine;2.371
Nicky;2.370
Huberdina;2.362
Else;2.357
Nikita;2.354
Megan;2.344
Nanda;2.344
Ella;2.340
Jantine;2.337
Cheyenne;2.336
Helen;2.335
Janet;2.328
Emmy;2.320
Mara;2.318
Khadija;2.310
Margreet;2.308
Roxanne;2.303
Dorien;2.298
Christa;2.289
Sacha;2.272
Geertrui;2.272
Helene;2.270
Aafje;2.268
Joy;2.267
Babette;2.263
Corina;2.263
Dieuwke;2.252
Ria;2.250
Greta;2.241
Lijntje;2.240
Clazina;2.239
Stella;2.231
Apolonia;2.228
Margo;2.223
Nicoline;2.219
Marissa;2.216
Huberta;2.200
Arendje;2.183
Emine;2.182
Jennigje;2.166
Veronique;2.165
Femmigje;2.145
Constance;2.142
;2.141
Sigrid;2.138
Alicia;2.125
Sabina;2.097
Dagmar;2.094
Mariëtte;2.093
Hermanna;2.091
Liza;2.087
Audrey;2.083
Alie;2.079
Diane;2.069
Jolien;2.063
Janne;2.062
Albertina;2.060
Albertine;2.050
Donna;2.044
Tonia;2.034
Afra;2.031
Joanne;2.027
Hedwig;2.024
Egberdina;2.020
Charissa;2.019
Mirte;2.009
Malika;2.008
Jantien;2.007
Jetske;2.003
Desiree;1.998
Jessie;1.994
Sylvana;1.987
Lindsey;1.981
Fenne;1.979
Erika;1.978
Stijntje;1.975
Hinke;1.967
Tine;1.967
Evelyn;1.963
Merle;1.962
Mirella;1.961
Isis;1.961
Guusje;1.957
Els;1.949
Joan;1.938
Elske;1.936
Noëlle;1.934
Annika;1.932
Katja;1.921
Madeleine;1.920
Mascha;1.912
Wanda;1.912
Hélène;1.903
Eefje;1.897
Karina;1.887
Hermine;1.869
Evy;1.868
Elena;1.867
Fabiënne;1.862
Marjanne;1.861
Madelief;1.851
Bastiaantje;1.848
Anne-Marie;1.847
Emilie;1.842
Aldegonda;1.836
Lamberdina;1.835
Ilonka;1.827
Jane;1.824
Klaaske;1.824
Gretha;1.823
Gaby;1.806
Sascha;1.802
Lizzy;1.799
Zeynep;1.795
Jet;1.791
Gwen;1.779
Marianna;1.774
Derkje;1.770
Esra;1.764
Francis;1.762
Metje;1.758
Ruby;1.758
Pamela;1.758
Boukje;1.757
Annet;1.755
Rosita;1.748
Selina;1.743
Rika;1.741
Suze;1.740
Fiona;1.738
Annetje;1.733
Bernarda;1.726
Birgit;1.724
Liselotte;1.721
Hillechien;1.721
Jamila;1.717
Yasmine;1.716
Renata;1.714
Geessien;1.706
Berdina;1.706
Shannon;1.690
Kornelia;1.687
Pleun;1.685
Hetty;1.684
Gina;1.683
Heintje;1.683
Olivia;1.679
Fokje;1.677
Benthe;1.676
Karima;1.676
Inez;1.671
Lidwina;1.665
Bregje;1.660
Florence;1.656
Arina;1.651
Ellis;1.651
Juliëtte;1.651
Dieuwertje;1.651
Daniëlla;1.648
Nellie;1.646
Sheila;1.641
Jannette;1.641
Dionne;1.632
Lindsay;1.632
Rosalia;1.631
Meryem;1.629
Niesje;1.629
Sofia;1.626
Dingena;1.625
Anniek;1.622
Monika;1.622
Eliza;1.619
Felicia;1.618
Amina;1.613
Wijnanda;1.612
Marretje;1.609
Rowena;1.609
Fay;1.594
Rachida;1.591
Willemke;1.578
Joukje;1.578
Elsa;1.576
Gertrude;1.573
Marga;1.570
Manouk;1.567
Bibi;1.557
Herma;1.553
Annabel;1.550
Victoria;1.543
Sijtske;1.540
Frieda;1.535
Alyssa;1.534
Marlou;1.533
Lambertha;1.529
Fabienne;1.528
Dianne;1.528
Marchien;1.528
Reintje;1.527
Philomena;1.526
Rachelle;1.526
Greetje;1.521
Machteld;1.520
Ana;1.516
Jolijn;1.513
Sharona;1.506
Maike;1.501
Ada;1.496
Imane;1.493
Jenneken;1.489
Barbera;1.488
Beau;1.486
Jaimy;1.482
Famke;1.481
Yasmin;1.480
Laurentia;1.480
Malou;1.476
Cato;1.474
Willeke;1.471
Krista;1.470
Rozemarijn;1.465
Heiltje;1.464
Carina;1.463
Marijn;1.462
Thirza;1.462
Tietje;1.461
Goverdina;1.459
Lucie;1.457
Leuntje;1.454
Mechelina;1.454
Margaret;1.451
Frederique;1.443
Lieve;1.442
Aimée;1.440
Arnoldina;1.437
Roelfina;1.425
Lise;1.421
Pietronella;1.419
Titia;1.418
Leonora;1.417
Fatiha;1.406
Elif;1.401
Ali;1.397
Marie-Louise;1.396
Gertrud;1.387
Meta;1.386
Ilja;1.386
Geziena;1.383
Amal;1.376
Elles;1.376
Hennie;1.373
Patty;1.370
Chiara;1.370
Feline;1.369
Eugenie;1.366
Ardina;1.362
Céline;1.362
Jolande;1.362
Serena;1.361
Angelica;1.359
Klaske;1.358
Elize;1.351
Harmanna;1.350
Lucienne;1.346
Renee;1.342
Leontine;1.340
Caitlin;1.337
Silvana;1.336
Jozefina;1.336
Yasmina;1.332
Lola;1.326
Liz;1.325
Flora;1.318
Laila;1.315
Elin;1.312
Marcia;1.312
Zahra;1.309
Lindy;1.307
Youssra;1.297
Talitha;1.292
Mette;1.272
Klara;1.271
Jacobje;1.270
Latifa;1.267
Rosemarie;1.266
Pascalle;1.265
Maya;1.259
Marijtje;1.255
Gabriëlla;1.255
Nova;1.246
Naima;1.239
Berber;1.235
Nelleke;1.234
Afke;1.233
Maryam;1.232
Grace;1.227
Myrna;1.226
Aya;1.226
Alma;1.225
Pascale;1.223
Barendina;1.222
Marlene;1.221
Arianne;1.217
Merve;1.215
Juul;1.212
Augusta;1.210
Katinka;1.210
Rabia;1.209
Tannetje;1.209
Roelfien;1.206
Lauren;1.204
Cora;1.203
Chayenne;1.201
Gwendolyn;1.201
Faye;1.197
Conny;1.196
Chelsea;1.195
Anneloes;1.194
Aline;1.191
Liv;1.189
Dorine;1.189
Cheryl;1.180
Saida;1.177
Hajar;1.175
Birgitta;1.169
Dora;1.168
Farida;1.166
Tamar;1.165
Odette;1.164
Corinne;1.161
Mariam;1.158
Evelina;1.157
Janette;1.157
Corrie;1.157
Christiana;1.152
Lois;1.150
Siham;1.149
Bastiana;1.148
Hinderika;1.145
Sijke;1.143
Fredrika;1.139
Irmgard;1.137
Huiberdina;1.131
Stientje;1.130
Liduina;1.129
Aria;1.127
Willemtje;1.127
Aicha;1.127
Lammigje;1.122
Jorien;1.120
Dimphna;1.119
Chloë;1.119
Willemien;1.116
Angeline;1.116
Lana;1.114
Gea;1.114
Shanna;1.111
Kelsey;1.111
Stéphanie;1.110
Franciska;1.107
Mare;1.107
Geraldine;1.104
Godefrida;1.104
Mildred;1.100
Marike;1.096
Gepke;1.095
Frederica;1.095
Engeltje;1.093
Linsey;1.092
Eelkje;1.090
Margretha;1.086
Virginia;1.083
Amira;1.081
Frederike;1.081
Françoise;1.071
Tiny;1.067
Hildegard;1.064
Gerry;1.064
Eleonore;1.058
Tirza;1.057
Mayke;1.056
Yasemin;1.054
Marrit;1.053
Truus;1.052
Frédérique;1.052
Layla;1.052
Lammechien;1.049
Euphemia;1.048
Celina;1.047
Salma;1.046
Suus;1.046
Divera;1.045
Rose;1.038
Marlous;1.037
Kyara;1.036
Lobke;1.028
Lea;1.028
Wijtske;1.027
Natasha;1.026
Ayla;1.025
Annemijn;1.023
Geerdina;1.019
Dilara;1.017
Leanne;1.016
Magda;1.015
Gijsbertje;1.015
Gisela;1.014
Daniek;1.013
Jantiena;1.012
Hanane;1.012
Farah;1.012
Josine;1.011
Teuna;1.010
Leyla;1.008
Willie;1.006
Evie;1.002
Jaantje;1.002
Sarina;996
Odilia;994
Romana;989
Jennie;986
Helma;985
Tetje;984
Annick;983
Wilhelmine;978
Laurina;978
Najat;977
Jente;975
Stacey;974
Yolande;974
Hinderkien;973
Nicolle;973
Michèle;973
Emilia;967
Lucy;967
Alijda;965
Ciska;963
Pleuntje;962
Anny;960
Celeste;958
Wendelina;956
Lutske;956
Betty;955
Augustina;954
Margrietha;951
Norah;948
Wijntje;941
Catherine;933
Fiene;927
Florine;927
Martijntje;925
Marjo;925
Wieke;924
Maja;924
Ikram;923
Theadora;923
Lian;922
Roelina;921
Zehra;919
Roosmarijn;919
Jakoba;918
Marsha;915
Luca;914
Doris;914
Mijntje;913
Jip;910
Oumaima;910
Zara;910
Lily;910
Francine;909
Romée;908
Kaoutar;902
Fennigje;901
Hülya;901
Lesley;898
Myra;898
Esma;896
Anissa;894
Bartha;893
Hayat;892
Marjorie;892
Roelie;891
Fien;889
Gabrielle;885
Cecile;885
Muriël;884
Wouterina;882
Berendje;882
Annetta;880
Henrike;876
Rosalina;876
Colinda;875
Jenna;874
Clementine;871
Fieke;870
Hanne;868
Margareta;867
Henrietta;866
Mira;866
Dymphna;866
Angel;866
Richelle;865
Marielle;864
Margarita;864
Diede;864
Yamina;864
Gerridina;863
Sijgje;860
Brechtje;858
Jiska;857
Melisa;855
Ivana;853
Asma;852
Nada;851
Jody;851
Liane;851
Gijsberdina;849
Jikke;849
Jana;849
Elsbeth;848
Teunisje;846
Myriam;844
Manja;842
Rowan;840
Colette;840
Antonette;840
Lysanne;835
Anouschka;834
Marita;833
Dounia;833
Marthe;832
Guurtje;830
Bouchra;828
Mathea;828
Aïcha;827
Henrika;827
Yentl;825
Marlon;825
Corry;823
Lize;823
Mylène;822
Tiffany;821
Halima;820
Anique;816
Estelle;816
Jessy;814
Selena;813
Tatjana;812
Arlette;811
Henderkien;811
Ebru;811
Feikje;810
Bea;804
Fadma;804
Jildou;804
Marjoleine;804
Germaine;804
Anoek;804
IJtje;804
Jara;802
Marigje;800
Derya;799
Valérie;797
Anastasia;794
Özlem;794
Aleyna;793
Amelia;792
Mia;792
Huibertje;792
Caecilia;790
Ankie;790
Catherina;790
Pieterke;788
Rosina;788
Ghislaine;788
Jacquelina;787
Hafida;784
Gijsje;783
Alina;783
Elfriede;783
Saartje;782
Josefina;781
Ivy;781
Véronique;780
Rixt;780
Levina;779
Meintje;779
Thérèse;778
Sylvie;776
Rosan;776
Savannah;774
Viola;773
Geurtje;773
Nena;772
Lenie;772
Janice;772
Elaine;771
Mechtilda;770
Hermien;766
Lidia;765
Leila;764
Saakje;763
Loubna;760
Shania;760
Mijke;759
Natalia;758
Rina;757
Janita;755
Tina;754
Lia;754
Fennechien;753
Ansje;753
Nicolina;751
Georgette;751
Harma;750
Karolina;748
Hiske;748
Fadime;747
Aaltjen;746
Mariette;746
Annemarieke;745
Alisha;745
Johanne;744
Diena;742
Josien;741
Saar;741
Norma;740
Fanny;737
Georgina;736
Egbertje;734
Gertruida;732
Dilek;730
Klaartje;730
Anika;730
Sytske;730
Cathelijne;728
Abigail;727
Harmpje;727
Laurie;726
Pascal;725
Sibel;722
Hedy;721
Franka;721
Naoual;720
Frouke;719
Destiny;719
Ans;718
Chanel;717
Pia;717
Ariaantje;716
Woutera;715
Apollonia;714
Ilham;713
Rosanna;712
Jeanet;712
Ine;711
Nicolien;710
Josefien;708
Anneliese;706
Lucretia;705
Henriëtta;705
Bonnie;703
Gonda;699
Cassandra;697
Yfke;696
Ymke;696
Catharine;695
Ietje;694
Rosalinde;694
Hellen;693
Rebekka;692
Krijntje;691
Riemke;690
Ayse;690
Noah;688
Azra;687
Jaapje;687
Sanna;686
Esmé;686
Jacomijntje;685
Judy;684
Celia;683
Irina;682
Filiz;682
Petertje;680
Wies;679
Quincy;679
Aylin;677
Sibilla;677
Cécile;677
Ingetje;677
Alissa;676
Indra;674
Nicolasina;672
Muriel;672
Tatiana;669
Gabriella;668
Souad;667
Kübra;666
Frederieke;665
Chaima;665
Nadja;664
Quirine;664
Henrieke;663
Sita;662
Justine;661
Betsy;660
Gladys;660
Doetje;660
Hieke;659
Evelyne;658
Marinka;656
Pieterdina;656
Zohra;655
Marcelle;653
Melinda;650
Betje;649
Jasmin;649
Denice;649
Jette;649
Dian;648
Marlène;648
Safae;647
Manou;646
Christianne;645
Hannelore;645
Bettina;642
Soumaya;642
Marie-José;641
Gloria;641
Sanae;641
Sevim;640
Lucinda;639
Berta;639
Selin;639
Sultan;639
Lizette;638
Hielkje;634
Kaatje;633
Marly;632
Habiba;632
Inger;632
Frida;631
Elina;630
Tosca;630
Bernice;628
Annelieke;627
Teresa;627
Gerritjen;627
Jacquelien;624
Robine;624
Annabelle;623
Adelheid;622
Marlijn;621
Verena;620
Lenneke;619
Jeske;618
Margrieta;618
Annegien;618
Liliane;618
Beatrice;618
Salima;617
Roza;617
Niki;617
Sjoerdtje;616
Francien;616
Birgitte;615
Chelsey;615
Florentine;615
Marisa;614
Gerdien;613
Paola;613
Esmay;613
Rian;613
Leontien;612
Jasmine;611
Irène;610
Sabrine;609
Wendela;608
Marguerite;607
Babs;606
Betül;605
Mayra;605
Demy;604
Ilayda;603
Klaziena;603
Eefke;602
Melek;601
Nieske;599
Dimphena;598
Livia;598
Hillechiena;598
Laetitia;598
Marietje;598
Maura;597
Irem;597
Daniela;597
Hubertine;597
Foekje;596
Rana;596
Vicky;596
Jacky;593
Christiane;592
Sientje;592
Trudy;592
Hakima;592
Kris;592
Vivianne;592
Whitney;591
Hanan;589
Bouwina;588
Dorothy;585
Juanita;584
Maudy;583
Hanny;583
Ariane;583
Britney;583
Harriët;583
Desiré;583
Laurien;582
Hannie;582
Sharmila;582
Steffie;582
Beyza;581
Adinda;580
Frances;579
Saloua;579
Elza;579
Raquel;578
Valentina;578
Mimount;578
Romkje;577
Chaimae;577
Tabitha;576
Jacintha;576
Mabel;575
Daniella;575
Adrienne;574
Irena;574
Lorena;573
Nika;572
Lammerdina;572
Evita;572
Fréderique;570
Mona;570
Annita;569
Aranka;569
Sevgi;569
Angenita;568
Jorinde;567
Iza;567
Lot;565
Bertina;565
Rahma;565
Elsina;565
Matthea;564
Frouwke;564
Belia;564
Jeannine;564
Tessel;563
Aynur;563
Gesiena;563
Lidewij;562
Clementina;561
Aysel;561
Romee;561
Peternella;560
Alysha;560
Myrte;560
Kira;559
Alinda;558
Leni;558
Sana;558
Rijkje;558
Saliha;558
Lenny;558
Philippina;556
Bertine;556
Manal;556
Eileen;554
Hubertha;554
Naïma;554
Arentje;554
Jada;553
IJmkje;553
Amalia;552
Silvie;551
Kathleen;551
Sasja;551
Lijsje;550
Rilana;550
Thecla;549
Kate;549
Josje;548
Lisan;548
Elma;548
Sijtje;547
Rosalinda;547
Eltje;547
Laïla;546
Ryanne;546
Asha;545
Everarda;543
Leny;543
Loraine;541
Louiza;541
Welmoed;538
Alette;538
Josefine;537
Margarethe;537
Charlene;537
Annechiena;537
Emy;536
Gerlinde;535
Fadoua;535
Didi;534
Marilyn;534
Thessa;533
Noura;533
Elianne;533
Jolie;532
Lolkje;532
Michaela;532
Wiepkje;532
Mei;532
Mirre;531
Ernestine;531
Joni;530
Arzu;530
Nisa;529
Anette;528
Jeane;528
Carin;527
Sandrina;527
Shanice;526
Asmae;525
Margien;525
Marith;525
Leonore;525
Nanette;525
Joëlla;525
Godelieve;525
Femmy;525
Marcha;524
Josée;524
Kiara;523
Florien;523
Linn;522
Solange;521
Femia;521
Nisrine;520
?erife;519
Sherida;519
Nine;519
Karla;519
Lorraine;518
Emerentia;518
Annelie;517
Babet;517
Chantalle;516
Dunja;516
Bridget;515
Elle;514
Elsien;514
Margit;514
Leah;513
Mariëlla;513
Marwa;513
Senne;513
Rochelle;513
Wai;511
Anouska;510
Brigit;510
Mendy;509
Rania;508
Shelley;507
Hilje;507
Kamlawatie;507
Christien;506
Kaya;505
Puk;505
Roswitha;504
Tatum;504
Anne-Fleur;503
Theresa;503
Tanya;503
Mirelle;502
Wytske;502
Bü?ra;501
Ines;501