Johannes;330.057
Jan;202.051
Cornelis;145.449
Hendrik;128.280
Willem;111.006
Petrus;92.470
Pieter;89.160
Gerrit;80.733
Wilhelmus;75.509
Peter;72.049
Jacobus;69.889
Robert;69.838
Antonius;69.196
Gerardus;69.121
Adrianus;67.645
Franciscus;63.450
Hendrikus;58.807
Johan;54.761
Jacob;53.026
Marinus;51.243
Dirk;51.025
Jeroen;50.183
Ronald;48.483
Theodorus;48.065
Martinus;46.086
Henricus;41.285
Thomas;40.135
Richard;37.766
Dennis;37.603
Marcel;37.257
Nicolaas;36.354
Albert;34.555
Mark;34.476
Arie;34.214
Patrick;33.251
René;33.114
Paul;31.471
Martijn;30.585
Bernardus;30.128
Erik;29.746
Maarten;29.602
Tim;28.381
Wouter;28.179
Marco;27.556
Michael;27.527
Alexander;27.465
Sander;26.963
Paulus;26.671
Leonardus;26.390
Bart;26.348
Frank;26.188
Klaas;25.982
Christiaan;25.524
Albertus;25.504
Daniël;25.266
Niels;24.954
Frederik;23.558
Michel;23.552
Kevin;23.439
Hans;23.119
Edwin;22.604
Robin;22.501
Leendert;22.441
Tom;22.440
Adriaan;22.181
Hubertus;22.116
Rudolf;21.841
Gerard;21.810
Herman;21.639
Roy;21.388
Martin;21.168
Hermanus;20.722
Stefan;20.658
Robertus;20.379
Eric;20.281
Mohamed;20.203
David;19.860
Roelof;19.732
Daan;19.611
Lambertus;19.591
Joseph;19.417
Harm;19.362
Josephus;19.156
Ruben;18.963
Jasper;18.926
Simon;18.621
Rick;18.572
Nick;18.257
Bas;18.096
Lars;18.092
Lucas;17.943
Thijs;17.903
Geert;17.853
Evert;17.603
Bram;17.385
Vincent;17.171
Joost;17.130
Michiel;16.988
Bastiaan;16.971
Mike;16.963
Danny;16.900
Frans;16.718
Remco;16.604
Erwin;16.442
Berend;16.261
Jelle;16.064
Jeffrey;15.869
Max;15.825
Koen;15.732
Marc;15.519
Teunis;15.359
Eduard;15.186
Andreas;15.139
Sebastiaan;15.135
Jozef;14.779
Arnoldus;14.081
Marcus;14.054
Jesse;13.813
Raymond;13.715
Sven;13.643
Sjoerd;13.499
Arend;13.368
Matthijs;12.934
André;12.877
Rob;12.726
Wesley;12.509
Maurice;12.409
Abraham;12.408
Joannes;12.273
Hendricus;12.253
Stijn;12.156
Steven;11.954
Luuk;11.794
Karel;11.508
John;11.296
Andries;11.218
Joris;11.062
Gijsbertus;10.930
Pascal;10.590
Gerhardus;10.338
Jordy;10.155
Floris;10.006
Aart;10.000
Gijs;9.871
Arjan;9.785
Sem;9.767
Joey;9.741
Derk;9.700
Egbert;9.463
Bernard;9.225
Menno;9.163
Gijsbert;9.143
Bob;9.142
Anne;9.037
Justin;9.001
Laurens;8.958
Hugo;8.903
Dylan;8.879
Anton;8.754
Ferdinand;8.709
Milan;8.640
Ricardo;8.466
Robbert;8.336
Roel;8.311
Mathijs;8.306
Benjamin;8.271
Sam;8.195
Louis;8.185
Pim;8.087
Casper;7.977
Roland;7.923
Antonie;7.872
Stephan;7.765
Julian;7.690
Stan;7.671
Arnold;7.650
Ali;7.604
Christian;7.572
Arthur;7.569
Mohammed;7.436
Niek;7.326
Jakob;7.319
Alex;7.235
Guido;7.230
Rutger;7.079
Brian;7.078
Reinier;7.068
Marten;7.058
Ivo;7.041
Leon;7.027
Timo;7.001
Rik;6.998
Ramon;6.956
Henri;6.833
Harry;6.828
George;6.762
Johnny;6.667
Teun;6.667
Wessel;6.617
Marius;6.596
Henk;6.432
Kornelis;6.403
Harmen;6.377
Job;6.354
Dave;6.342
Victor;6.291
Bartholomeus;6.266
Jochem;6.161
Arjen;6.145
Joep;6.122
Rens;6.062
Edward;6.054
Antoon;6.028
Michaël;5.996
Anthonius;5.990
Daniel;5.975
Gerben;5.957
Maikel;5.956
Ahmed;5.936
Walter;5.906
Douwe;5.886
Mehmet;5.827
Luc;5.728
Alfred;5.682
Nico;5.675
Rogier;5.583
Ralph;5.581
Charles;5.575
Ryan;5.527
Melvin;5.507
Mustafa;5.378
Christianus;5.378
Leo;5.350
Wilhelm;5.327
Dick;5.279
Gerhard;5.278
Theo;5.217
Cornelius;5.199
Noah;5.193
Marijn;5.172
Levi;5.154
Ruud;5.146
Mees;5.094
Bertus;5.056
Laurentius;5.024
Damian;5.014
Finn;5.007
Leonard;5.006
Anthonie;4.993
Ronny;4.991
Jonathan;4.950
Pepijn;4.922
Nicky;4.908
Björn;4.896
Frits;4.875
Jean;4.856
Jens;4.851
Oscar;4.850
Mario;4.845
Roger;4.815
Lodewijk;4.812
Glenn;4.806
Quinten;4.757
Ernst;4.757
Mattheus;4.751
Cas;4.721
Jimmy;4.709
Barend;4.697
Fabian;4.674
Jordi;4.663
Maurits;4.660
Bryan;4.647
Bjorn;4.644
Stephanus;4.634
Mitchell;4.561
William;4.554
Jaap;4.538
Chris;4.508
Olaf;4.496
Emiel;4.490
Jurgen;4.456
Guus;4.407
Luca;4.399
Jesper;4.398
Otto;4.379
Anthony;4.353
Rudi;4.330
Jarno;4.328
Twan;4.316
Arno;4.314
Godefridus;4.311
Kees;4.309
Jelmer;4.301
Stef;4.301
Hidde;4.266
Youri;4.255
Piet;4.252
Ronnie;4.246
Thijmen;4.211
Auke;4.197
Matheus;4.196
Barry;4.187
Carolus;4.156
Eddy;4.137
Tijn;4.135
Samuel;4.127
Jayden;4.110
Ronaldus;4.110
Olivier;4.099
Harold;4.078
Joshua;4.056
Tjeerd;4.044
Reinder;4.040
Rudy;4.040
Dion;4.036
Huibert;4.019
Fredericus;3.985
Freddy;3.983
Tristan;3.962
Tijmen;3.946
Hubert;3.936
Tobias;3.834
Lammert;3.833
Jim;3.822
Coen;3.780
Henderikus;3.779
Ludovicus;3.779
Jacques;3.758
Davy;3.749
Joël;3.746
Roeland;3.743
Mathias;3.735
Bert;3.735
Timothy;3.716
Philip;3.709
Yannick;3.668
Augustinus;3.657
Markus;3.641
Wim;3.628
Lukas;3.618
Marvin;3.615
Hermannus;3.595
Jeremy;3.563
Giovanni;3.522
Wiebe;3.506
Jannes;3.504
Jos;3.480
Julius;3.462
Marcellinus;3.439
Ibrahim;3.436
Ties;3.424
Emile;3.419
Ahmet;3.412
Thom;3.395
Onno;3.388
Jorn;3.366
Johannis;3.361
Jason;3.359
Lorenzo;3.355
Mats;3.341
Theodoor;3.336
Mick;3.309
Aloysius;3.272
Frederikus;3.248
Machiel;3.245
Joeri;3.234
Boudewijn;3.193
Alphonsus;3.171
Pierre;3.146
Arnoud;3.099
Mohammad;3.094
Sjors;3.073
Remko;3.062
Adam;3.057
Gert;3.053
Colin;3.044
Leroy;3.034
Carlo;3.027
Freek;3.001
Boris;2.992
Jerry;2.976
Nathan;2.970
Ferry;2.960
Jurjen;2.954
Mitchel;2.927
Lambert;2.920
Tygo;2.911
Philippus;2.884
Mathieu;2.881
Roelf;2.880
Bernhard;2.878
Everardus;2.872
Omar;2.850
Jurre;2.844
Jorrit;2.832
Eelco;2.830
Mika;2.825
Kasper;2.814
Marnix;2.792
Diederik;2.769
Jules;2.752
Kay;2.751
Kenneth;2.734
Ian;2.725
Henry;2.708
Rolf;2.708
François;2.699
Raoul;2.694
Werner;2.691
Wijnand;2.687
Meindert;2.667
Felix;2.666
Angelo;2.655
Coenraad;2.653
Matthias;2.653
Stefanus;2.647
Xander;2.645
Iwan;2.619
Wilco;2.618
Tycho;2.604
Lennart;2.590
Mart;2.584
Jack;2.584
Carel;2.557
Randy;2.539
Wolter;2.537
Ben;2.516
Dani;2.508
El;2.502
Folkert;2.498
Hein;2.477
Roan;2.470
Hasan;2.469
Eduardus;2.456
Bauke;2.455
Roberto;2.455
Johann;2.454
Merijn;2.448
Ismail;2.447
Wout;2.446
Rachid;2.430
Willy;2.422
Davey;2.417
Andy;2.417
Hindrik;2.409
Ralf;2.406
Fokke;2.384
Tommy;2.379
Hessel;2.375
Remy;2.373
Gino;2.367
Krijn;2.342
Youssef;2.332
Rudolph;2.309
Sietse;2.287
Vincentius;2.277
Rowan;2.277
Jamie;2.266
Murat;2.246
Léon;2.246
Said;2.245
Ricky;2.234
Abel;2.234
Hassan;2.230
Willibrordus;2.228
Dean;2.219
Aron;2.218
Manuel;2.210
Luke;2.208
Nils;2.195
Clemens;2.193
Jort;2.189
Melle;2.186
Liam;2.173
Jelte;2.167
Kai;2.128
Tijs;2.121
Freerk;2.121
Tjerk;2.110
Nigel;2.109
Yassine;2.084
Bilal;2.079
Engelbertus;2.078
Ivan;2.077
Jay;2.076
August;2.073
Ivar;2.073
Siebe;2.058
Rijk;2.058
Eugène;2.044
Adolf;2.030
Robbie;2.024
Ron;2.023
Franklin;2.019
Dimitri;2.013
Marcellus;2.012
James;2.008
Lex;2.007
Yusuf;2.006
Gustaaf;1.999
Antoine;1.997
Jan-Willem;1.984
Vince;1.981
Harmannus;1.979
Heinrich;1.976
Jari;1.970
Robby;1.959
Herbert;1.959
Koenraad;1.952
Sebastian;1.944
Sil;1.939
Valentijn;1.939
Duncan;1.935
Khalid;1.928
Carlos;1.910
Muhammed;1.905
Boy;1.894
Delano;1.893
Gradus;1.891
Florian;1.884
Edgar;1.877
Samir;1.875
Stanley;1.871
Jacco;1.867
Wilfred;1.862
Caspar;1.856
Lieuwe;1.842
Hüseyin;1.840
Siem;1.840
Jip;1.835
Micha;1.834
Donny;1.815
Jaimy;1.812
Govert;1.803
Owen;1.799
Rico;1.798
Serge;1.776
Aalt;1.772
Ömer;1.770
Marlon;1.769
Wietse;1.768
Jouke;1.767
Gertjan;1.764
Hamza;1.762
Alwin;1.757
Christoffel;1.750
Maximiliaan;1.749
Dominique;1.749
Richardus;1.748
Brandon;1.742
Karim;1.732
Boaz;1.731
Aaron;1.712
Tomas;1.711
Harald;1.710
Gideon;1.707
Zakaria;1.699
Timotheus;1.696
Rudolphus;1.692
Berry;1.688
Bouke;1.687
Guillaume;1.682
Jamal;1.677
Collin;1.674
Chiel;1.674
Jop;1.673
Rein;1.667
Jonas;1.665
Robbin;1.643
Ruurd;1.638
Carl;1.630
Nino;1.622
Johannus;1.614
Maxim;1.612
Lucien;1.609
Geurt;1.607
Egbertus;1.606
Axel;1.604
Kelvin;1.604
Elias;1.604
Armand;1.600
Fredrik;1.592
José;1.592
Waltherus;1.586
Brent;1.579
Donald;1.573
Mischa;1.570
Lourens;1.567
Loek;1.567
Etienne;1.566
Renzo;1.561
Mitch;1.556
Roderick;1.546
Osman;1.546
Allard;1.541
Christopher;1.539
Giel;1.536
Quincy;1.535
Diego;1.534
Emre;1.528
Lesley;1.522
Ayoub;1.518
Romano;1.517
Remon;1.516
Ilias;1.488
Senna;1.482
Alphons;1.481
Gabriël;1.475
Mustapha;1.471
Joran;1.455
Merlijn;1.450
Jurriaan;1.449
Maik;1.449
Norbert;1.437
;1.437
Kaj;1.436
Wieger;1.433
Sipke;1.429
Gert-Jan;1.426
Arne;1.426
Fedde;1.425
Antonio;1.411
Beau;1.408
Younes;1.400
Lennard;1.393
Jans;1.393
Martien;1.392
Friso;1.391
Abdullah;1.387
Ewout;1.387
Dominicus;1.386
Sietze;1.384
Hilbert;1.378
Elbert;1.378
Reijer;1.367
Aaldert;1.363
Joachim;1.361
Andrew;1.360
Yuri;1.356
Camiel;1.352
Fatih;1.351
Eelke;1.348
Raymon;1.347
Alfons;1.339
Perry;1.339
Timon;1.337
Dingeman;1.337
Sidney;1.335
Taco;1.334
Dylano;1.333
Ingmar;1.330
Matthew;1.330
Renatus;1.324
Cornelus;1.320
Calvin;1.316
Hielke;1.316
Yorick;1.308
Reindert;1.307
Igor;1.307
Fred;1.293
Rodney;1.283
Amir;1.281
Gerald;1.281
Sean;1.280
Morris;1.278
Alain;1.273
Tiemen;1.268
Hicham;1.268
Juan;1.266
Stephen;1.265
Sebastianus;1.259
Ramazan;1.259
Tarik;1.259
Bo;1.255
Rayan;1.254
Mimoun;1.250
Tonny;1.249
Rinze;1.248
Miguel;1.242
Jürgen;1.240
Wietze;1.237
Thijn;1.236
Bobby;1.233
Gilbert;1.232
Josef;1.220
Everhardus;1.220
Noud;1.220
Marko;1.213
Huub;1.212
Jorg;1.208
Keano;1.204
Bruno;1.203
Manfred;1.198
Sten;1.197
Noël;1.193
Sjouke;1.192
Sergio;1.188
Abdul;1.188
Gerwin;1.187
Jean-Paul;1.183
Egidius;1.175
Denny;1.172
Ewoud;1.172
Thierry;1.168
Theunis;1.167
Aldert;1.163
Durk;1.163
Willebrordus;1.157
Kenny;1.155
Yasin;1.153
Edo;1.139
Stefano;1.139
Jordan;1.139
Enrico;1.137
Norbertus;1.136
Ernest;1.134
Sami;1.133
Rienk;1.132
Samuël;1.131
Olav;1.131
Van;1.126
Gregory;1.120
Francis;1.119
Catharinus;1.116
Izaäk;1.108
Hakan;1.104
Brahim;1.104
Benny;1.102
Storm;1.102
Bradley;1.099
Halil;1.099
Emanuel;1.095
Wouterus;1.095
Aalbert;1.092
Milo;1.089
Ward;1.088
Han;1.088
Sybren;1.087
Luka;1.084
Dries;1.081
Tjalling;1.080
Anass;1.079
Abdellah;1.076
Tony;1.072
Arnout;1.070
Koert;1.069
Justus;1.061
Sijtze;1.059
Abram;1.053
Dinand;1.045
Gosse;1.045
Mert;1.044
Ewald;1.041
Wilbert;1.039
Barteld;1.038
Taeke;1.038
Duco;1.034
Pier;1.031
Raimond;1.031
Rafael;1.030
Constantijn;1.027
Lubbert;1.026
Leopold;1.023
Ahmad;1.021
Don;1.020
Karl;1.020
Scott;1.020
Joop;1.018
Kyan;1.017
Guy;1.015
Fokko;1.013
Lubbertus;1.013
Yoeri;1.013
Quinn;1.010
Anouar;1.009
Abdelkader;1.009
Emil;1.009
Adil;1.007
Xavier;1.006
Sake;1.005
Gilles;1.004
Remi;1.003
Deniz;997
Gregorius;996
Izaak;989
Age;986
Burak;982
Ate;974
Quirinus;973
Godfried;972
Gerbrand;971
Luciano;969
Farid;963
Hamid;959
Alle;958
Engbert;954
Achraf;953
Reinout;951
Gezinus;949
Nabil;947
Geoffrey;940
Huig;938
Romeo;937
Julien;935
Renier;933
Denis;932
Aziz;931
Steve;924
Sijmen;921
Feike;920
Ferdinandus;917
Wilfried;917
Philippe;915
Redouan;914
Ezra;913
Pedro;912
Quint;912
Roald;911
Fouad;906
Jakobus;895
Patricius;895
Driss;894
Furkan;892
Kadir;888
Reginald;882
Jurriën;881
Ferdi;881
Friedrich;873
Fernando;870
IJsbrand;870
Sonny;870
Alfonsus;868
Süleyman;867
Dominic;866
Karst;864
Yassin;863
Rafaël;862
Ludwig;861
Harrie;861
Kars;858
Yves;858
Leander;855
Jeffry;855
Romke;855
Amar;851
Humphrey;851
Adem;851
Robert-Jan;850
Kristian;849
Johny;849
Abdeslam;846
Bouwe;841
Engelbert;840
Benno;840
Jilles;840
Kris;838
Thimo;834
Orlando;834
Corné;831
Bennie;827
Boyd;826
Metin;825
Wicher;824
Joram;824
Devin;817
Hylke;817
Jur;816
Yunus;816
Kim;816
Abdelaziz;816
Dennie;812
Sijbren;811
Koos;808
Mounir;806
Mauro;805
Juul;802
Reint;801
Enes;800
Yoran;798
Damiën;798
Edmond;795
Roman;791
Joppe;791
Rudolfus;790
Jantinus;789
Rene;789
Francisco;787
Soufiane;786
Jurrien;786
Meine;785
Kian;784
Amine;782
Karsten;781
Siebren;780
Mourad;776
Dirk-Jan;776
Renze;775
Rody;775
Aris;774
M'hamed;773
Benedictus;771
Raphaël;768
Lubertus;768
Nanne;767
Ravi;766
Toon;766
Nicolas;765
Silvester;762
Chi;762
Abe;761
Antony;760
Jermaine;758
Reinoud;756
Eddie;754
Elroy;753
Engel;750
Maas;748
Dyon;747
Marciano;747
Steffen;746
Ton;744
Kjell;742
Denzel;741
Swen;741
Alan;741
Pelle;739
Yvo;738
Seth;738
Arda;737
Orhan;737
Amin;731
Stein;731
Ilyas;731
Foppe;730
Timmy;729
Arij;728
Hubrecht;726
Jessy;725
Donovan;723
Gianni;721
Hilbrand;721
Huibrecht;718
Shane;717
Siemen;716
Izak;716
Enzo;714
Fabio;713
Pleun;713
Maria;713
Norman;713
Raf;713
Gerlof;712
Hinderikus;710
Salih;710
Oussama;707
Ole;706
Kick;706
Rémon;705
Terence;705
Kenan;703
Hieronymus;702
Walterus;701
Ayman;699
Constant;699
Theodor;698
Elwin;698
Corstiaan;697
Mannes;696
Serkan;695
Armando;693
Walid;692
Noureddine;692
Arent;692
Gabriel;690
Matthieu;688
Winston;688
Franz;685
Koop;685
Jorik;684
Eliza;682
Adnan;682
Joan;680
Alphonsius;677
Jacky;677
Rinse;676
Tieme;676
Georg;676
Diederick;676
Levy;674
Cees;673
Dustin;672
Isaac;672
Minne;671
Kemal;671
Didier;671
Wai;670
Georgius;668
Roderik;668
Rudie;665
Mahmut;665
Ids;659
Wijbe;658
Kas;655
Kaan;654
Cedric;653
Haci;652
Emmanuel;649
Ilja;648
Onur;648
Anno;648
Elmar;648
Jurian;647
Sikke;647
Marcelis;645
Siegfried;645
Rowin;645
Henny;642
Kjeld;641
Nout;641
Ignatius;641
Cor;640
Sylvester;639
Huib;639
Jozeph;639
Derek;638
Bruce;636
Riemer;635
Kylian;635
Lloyd;634
Saïd;634
Elmer;634
Wijtze;634
Remmelt;628
Tonnis;622
Oliver;621
Mattijs;619
Bartus;619
Marouane;619
Senne;618
Sep;617
Dionysius;617
Rinke;617
Zeger;616
Jitse;613
Salim;612
Tommie;611
Antoni;610
Melis;610
Henderik;610
Timotheüs;609
Titus;608
Jetze;607
Rense;607
Okke;606
Yassir;606
Bernd;605
Jozephus;605
Luis;604
Eren;604
Ted;603
Yordi;603
Jörgen;603
Evan;602
Hermann;599
Arian;595
Henrikus;594
Melchior;593
Erol;591
Abderrahman;587
Nassim;586
Eibert;585
Elbertus;585
Tjibbe;583
Kyano;582
Arnaud;582
Emir;581
Wilko;580
Jozias;580
Ayhan;579
Pablo;577
Hermannes;576
Hillebrand;576
Gökhan;574
Bonne;573
Alec;572
Jaouad;572
Silvan;572
Nelis;571
Nando;571
Imad;570
Sascha;569
Nicholas;568
Ramón;567
Ariën;567
Sjaak;565
Dolf;563
Viktor;563
Ashwin;563
Francesco;562
Sinan;562
Harun;560
Musa;559
Sacha;559
Danilo;558
Mickey;558
Kamal;558
Muhammet;557
Toine;557
Dario;557
Bayram;556
Abdelkarim;555
Miquel;555
Viggo;554
Desmond;554
Freddie;553
Jochum;552
Gjalt;552
Ale;551
Erkan;550
Aloijsius;549
Servatius;549
Andre;548
Leslie;548
Gerke;548
Sieger;544
Anwar;543
Bartel;542
Toby;542
Reza;540
Steffan;540
Damien;540
Terry;538
Semih;537
Errol;536
Myron;535
Heiko;533
Imran;532
Jord;532
Gerjan;531
Jozua;528
Demian;527
Filippus;526
Sepp;525
Mels;525
Joren;523
Serdar;522
Ray;522
Sytze;521
Adri;521
Remigius;520
Nikolaas;519
Wytze;518
Jorick;516
Wijnandus;515
Valentino;515
Lasse;515
Wiebren;515
Mostafa;515
Hermen;514
Armin;514
Recep;514
Rinaldo;513
Cengiz;513
Tigo;512
Wander;512
Jelke;511
Dante;511
Oene;510
Jitze;510
Mahmoud;510
Michèl;509
Quentin;507
Bekir;507
Erick;507
Cem;506
Kyle;505
Ferdy;505
Frederick;504
Ludo;504
Ferhat;504
Jayson;503
Rients;502